"Prioridad","Negocio","Rubro","País","Email público","Teléfono público","Enlace de contacto","Ciudad / zona","Continente","Idioma sugerido","Primera web que ofrecer","Situación web","Evidencia y límites de revisión","Búsquedas realizadas","Revisado el","Estado contacto","Último contacto","Próximo seguimiento","Notas de seguimiento","ID","Fuente pública principal","Fuente complementaria"
"Alta","Vivero Los Margaritos","Vivero y jardinería","Argentina","coquito51@hotmail.es","+54 2244 475333","mailto:coquito51@hotmail.es","Las Flores, Buenos Aires","América","Español","Primera web con catálogo de plantas, ubicación y consultas por producto.","Sin web propia encontrada","La ficha remite a Facebook y no declara web. Las búsquedas por nombre y localidad devuelven directorios y el padrón de viveros, sin sitio propio. El padrón respalda la localidad; no demuestra por sí solo ausencia de web.","""Vivero Los Margaritos""; ""Vivero Los Margaritos"" ""Las Flores"" Facebook","2026-09-24","No contactado","","","","NW-001","https://ar.todosnegocios.com/vivero-los-margaritos-02244-47-5333","https://www.argentina.gob.ar/sites/default/files/padron_operadores_vigente.pdf"
"Alta","Vivero La Loma de El Torno","Vivero mayorista","Bolivia","—","+591 72139484","tel:+59172139484","El Torno, Santa Cruz","América","Español","Primera web con variedades, ventas mayoristas y formulario para cotizaciones.","Sin web propia encontrada","Directorio sin web declarada y con enlace a Facebook. Una nota de agosto de 2025 describe el vivero familiar. Las búsquedas de nombre y variante comercial no mostraron sitio propio. Facebook exige acceso y no pudo revisarse completo.","""Vivero la Loma de El Torno""; ""Vivero La Loma"" ""El Torno"" web","2026-09-24","No contactado","","","","NW-002","https://bo.todosnegocios.com/vivero-la-loma-de-el-torno-72139484","https://eldeber.com.bo/para-ellas/macarena-maldonado-y-su-terapia-con-las-plantas_526189"
"Alta","Gimnasio Club Free Sport","Gimnasio","Chile","gimnasio.freesport@gmail.com","+56 9 6271 7988","mailto:gimnasio.freesport@gmail.com","San Miguel, Santiago","América","Español","Primera web con actividades, horarios e inscripción mediante consulta.","Sin web propia encontrada","Dos directorios coinciden en negocio, zona y teléfono. La ficha remite a Facebook y no declara web propia. Búsquedas por nombre completo y teléfono no mostraron un sitio del gimnasio.","""Gimnasio Club Free Sport"" Chile; ""Free Sport"" ""6271""","2026-09-24","No contactado","","","","GL-007","https://cl.todosnegocios.com/gimnasio-club-free-sport-9-6271-7988","https://www.infostgo.cl/id/3099-gimnasio-club-free-sport"
"Alta","Taller DELAN Proyectos & Soluciones","Muebles y fabricación a medida","Ecuador","delanclear@gmail.com","+593 98 849 5371","mailto:delanclear@gmail.com","Guayaquil, Guayas","América","Español","Primera web con portfolio de muebles y formulario de presupuesto con medidas y fotos.","Sin web propia encontrada","La ficha declara Facebook e Instagram sin web propia. Cybo coincide en nombre, ciudad y teléfono. La búsqueda por nombre comercial y ciudad no mostró sitio propio.","""Taller DELAN"" Guayaquil; site:cr.todosnegocios.com ""No hay ningún sitio web"" ""taller""","2026-09-24","No contactado","","","","NW-004","https://ec.todosnegocios.com/taller-delan-proyectos-soluciones-098-849-5371","https://es.cybo.com/EC-c%C3%B3digo-postal/090206_guayaquil/tienda-de-hardware/"
"Alta","Peluquería Juan Pedro","Peluquería","España","—","+34 644 265 102","tel:+34644265102","Alcalá de Henares, Madrid","Europa","Español","Primera web con cortes, ubicación y llamada directa para pedir cita.","Sin web propia encontrada","TodosBiz no declara web y Fresha muestra una ficha con reserva por llamada. Ambos identifican el local de Turina 5. La búsqueda por nombre y localidad no mostró sitio propio; Fresha es una ficha de plataforma.","""Peluquería Juan Pedro"" ""Alcalá""; ""644265102""","2026-09-24","No contactado","","","","NW-006","https://www.todosbiz.es/peluquer%C3%ADa-juan-pedro_40-644-26-51-02","https://www.fresha.com/lvp/peluqueria-juan-pedro-calle-turina-alcala-de-henares-RvLGjy"
"Alta","Peluquería y Estética Unisex Laura","Peluquería y estética","España","laurapelu34@gmail.com","+34 667 014 499","mailto:laurapelu34@gmail.com","Ajofrín, Toledo","Europa","Español","Primera web con servicios de peluquería y estética, trabajos y solicitud de cita.","Sin web propia encontrada","El ayuntamiento publica teléfono y email del comercio. TodosBiz remite a Facebook, sin web. Búsquedas por nombre, localidad y email no mostraron sitio propio. La página municipal se publicó en 2017; los datos no se probaron por llamada.","""Peluqueria"" ""LAURA"" ""Ajofrín""; ""laurapelu34""","2026-09-24","No contactado","","","","NW-005","https://ajofrin.es/varios/","https://www.todosbiz.es/peluqueria-y-est-u-e-tica-unisex-laura-667-01-44-99"
"Alta","Costuras Citrus","Uniformes y confección","México","facturacion.citrus@hotmail.com","+52 33 1537 5347","tel:+523315375347","Guadalajara, Jalisco","América","Español","Primera web con modelos de uniformes, talles y pedido de presupuesto por cantidad.","Sin web propia encontrada","AllBiz declara Facebook, sin sitio propio. Otra guía identifica el taller. La búsqueda por nombre y ciudad no mostró web comercial. El correo publicado es de facturación: conviene usar el teléfono y pedir el canal comercial.","""Costuras Citrus"" Guadalajara; ""costuras citrus"" ""web""","2026-09-24","No contactado","","","","GL-017","https://www.allbiz.mx/costuras-citrus-33-1537-5347","https://talleresdecostura.com/jalisco/jalisco-guadalajara/"
"Alta","Lux Peluquería","Peluquería y estética","Uruguay","—","+598 92 505 057","https://wa.me/59892505057","Centro, Montevideo","América","Español","Primera web con servicios, galería y consultas de turnos por WhatsApp.","Sin web propia encontrada","Guía 1122 publica WhatsApp y servicios; TodosNegocios no declara web. La búsqueda por nombre y ciudad no encontró sitio propio. Los directorios difieren en la altura de San José: confirmar dirección al preparar la propuesta.","""Lux Peluquería"" Montevideo; site:uy.todosnegocios.com ""No hay ningún sitio web"" ""peluquería""","2026-09-24","No contactado","","","","NW-003","https://1122.com.uy/local/lux-peluqueria/LOC780000001","https://uy.todosnegocios.com/lux-peluquer%C3%ADa-092-505-057"
"Media","Uttara Exclusive Salon","Barbería y peluquería","Bangladesh","—","+880 1970 999780","tel:+8801970999780","Uttara, Dhaka","Asia","Inglés (confirmar; bengalí local)","Primera web con servicios, precios autorizados por el salón y consulta de turnos.","Sin web propia encontrada","La ficha no declara web. Una publicación reproducida del 15/05/2026 coincide en dirección y teléfono 01970-999780. Búsqueda por nombre sin sitio propio encontrado. El perfil de Facebook no pudo abrirse completo.","""Uttara Exclusive Salon""; site:bizsouthasia.com ""There is no website listed"" ""salon""","2026-09-24","No contactado","","","","NW-010","https://www.bizsouthasia.com/BD/uttara-exclusive-salon-01924-491873","https://www.beautynailhairsalons.com/BD/Dhaka/109465321814560/Uttara-exclusive-saloon"
"Media","Bodyworks By Brian J Hoffman","Chapa y pintura automotor","Canadá","—","+1 519 837 3170","tel:+15198373170","Guelph, Ontario","América","Inglés","Primera web con trabajos de carrocería, fotos y consultas para presupuestos.","Sin web propia encontrada","El directorio del condado y Yellow Pages coinciden en teléfono y actividad. Búsquedas por nombre y teléfono muestran fichas y reseñas, sin sitio propio encontrado.","""Bodyworks By Brian J Hoffman""; ""5198373170""","2026-09-24","No contactado","","","","GL-030","https://www.wellington.ca/business-development/business-directory/bodyworks-brian-j-hoffman","https://www.yellowpages.ca/bus/Ontario/Guelph/Bodyworks-By-Brian-J-Hoffman/212034.html"
"Media","Mike The Electrician Guy","Servicios eléctricos","Canadá","—","+1 647 568 4800","tel:+16475684800","Gran Toronto, Ontario","América","Inglés","Primera web con servicios eléctricos, zona de atención y solicitud de presupuesto.","Sin web propia encontrada","Yellow Pages y Canpages publican el mismo teléfono y servicio en Toronto. En las fichas y búsquedas revisadas no apareció un sitio propio. Se trata de evidencia pública de directorios; no hubo confirmación telefónica.","""Mike The Electrician Guy""; ""6475684800""","2026-09-24","No contactado","","","","GL-029","https://www.yellowpages.ca/bus/Canada/Mike-The-Electrician-Guy/104333267.html","https://www.canpages.ca/page/ON/mike-the-electrician-guy/104333267"
"Media","Bubblez Salon","Peluquería y belleza","India","bubblezsalon@gmail.com","+91 99207 85405","mailto:bubblezsalon@gmail.com","Vile Parle East, Mumbai","Asia","Inglés","Primera web con servicios de belleza, galería del salón y consultas de reserva.","Sin web propia encontrada","BharatiBiz remite a Facebook sin sitio web. AskLaila ubica Bubblez Hair and Beauty Salon en Vile Parle East. Búsquedas por nombre y email no mostraron sitio propio. Las fuentes se leyeron mediante el índice.","""Bubblez Salon"" Mumbai; ""bubblezsalon""","2026-09-24","No contactado","","","","NW-012","https://www.bharatibiz.com/en/bubblez-salon-099207-85405","https://www.asklaila.com/search/Mumbai/vile-parle-east/salons/"
"Media","Rafiq Florist","Florería","India","floristrafiq@gmail.com","+91 95273 12385","mailto:floristrafiq@gmail.com","Margao, Goa","Asia","Inglés","Primera web con ramos, decoración floral y solicitud de cotización.","Sin web propia encontrada","Ambas fichas remiten a Facebook, coinciden en teléfono y no declaran web propia. La búsqueda por nombre, Goa y email no encontró sitio propio. Se consultó contenido indexado; la apertura directa fue limitada.","""Rafiq Florist"" Goa; ""floristrafiq""","2026-09-24","No contactado","","","","NW-011","https://www.bharatibiz.com/en/rafiq-florist-095273-12385","https://happynew.day/vendor/rafiq-florist"
"Media","Edelweiss Florist","Florería","Irlanda","—","+353 1 670 8725","tel:+35316708725","Dublín, Manor Street","Europa","Inglés","Primera web con arreglos florales por ocasión y consultas de entrega.","Sin web propia encontrada","BizIreland remite a Facebook sin web. La segunda guía ubica el negocio en Manor Street 57. No se encontró sitio propio para este local. Se descartaron webs de floristas homónimos de otros países.","""Edelweiss Florist"" ""Manor""; ""Edelweiss"" ""670 8725""","2026-09-24","No contactado","","","","NW-009","https://www.bizireland.com/edelweiss-florist-01-670-8725","https://www.findglocal.com/IE/Dublin/123692-42/genre/192111490806699/Florists/4"
"Media","Ajani House Bakery","Pastelería","Kenia","—","+254 728 439776","https://www.instagram.com/ajanihouse/","Nairobi","África","Inglés","Primera web con catálogo de tortas, encargos por ocasión y consulta de entrega.","Sin web propia encontrada","La ficha con publicaciones de septiembre de 2026 publica teléfono y usa Instagram como web. AfricaBizInfo no declara sitio propio. Búsquedas por nombre no mostraron dominio propio; Intentum publica una reseña del negocio en su portal.","""Ajani House Bakery""; ""Ajani House"" website","2026-09-24","No contactado","","","","NW-014","https://www.restaurants10.com/KE/Nairobi/419071618124259/Ajani-House","https://www.africabizinfo.com/KE/ajani-house-bakery-0728-439776"
"Media","YHA Salon and Studio","Salón de belleza","Pakistán","—","+92 301 3952135","tel:+923013952135","Sialkot, Punjab","Asia","Inglés (confirmar; urdu local)","Primera web con servicios del salón, fotografías y consulta de disponibilidad.","Sin web propia encontrada","Dos fichas coinciden en teléfono y ubicación. BizSouthAsia remite a Facebook sin web. La búsqueda del nombre y de sitio oficial no mostró web propia. Se dirige al local de Sadar Bazar.","""YHA Salon and Studio""; ""YHA salon"" website","2026-09-24","No contactado","","","","NW-013","https://www.bizsouthasia.com/PK/yha-salon-and-studio-0301-3952135","https://pk.worldorgs.com/catalog/sialkot/beauty-salon/yha-salon-and-studio"
"Media","Cabeleireiro Fernando Amaral","Peluquería","Portugal","—","+351 22 208 2150","tel:+351222082150","Porto","Europa","Portugués","Primera web con servicios, presentación del salón y reserva por teléfono.","Sin web propia encontrada","TodosNegócio remite a Facebook sin web propia. SabeMais coincide en nombre, teléfono y plaza Humberto Delgado. La búsqueda del nombre y teléfono no mostró sitio propio.","""Cabeleireiro Fernando Amaral""; ""222082150""","2026-09-24","No contactado","","","","NW-007","https://www.todosnegocio.com/cabeleireiro-fernando-amaral-22-208-2150","https://www.sabemais.pt/categoria-results/3009/26"
"Media","Telma Cabeleireiro","Peluquería","Portugal","—","+351 918 795 692","tel:+351918795692","Almada, Setúbal","Europa","Portugués","Primera web con cortes y color, fotografías y consultas para citas.","Sin web propia encontrada","Dos fichas coinciden en teléfono y apuntan a Facebook. Sin sitio propio encontrado para Almada. El resultado de Telma Carreira corresponde a Leiria, otro negocio. Las fichas difieren en dirección exacta: confirmarla al preparar la propuesta.","""Telma Cabeleireiro"" Almada; ""Telma Cabeleireiro"" ""website""; ""Telma Carreira Cabeleireiros"" contacto","2026-09-24","No contactado","","","","NW-008","https://www.todosnegocio.com/telma-cabeleireiro_1c-918-795-692","https://esteticaperto.com/cabeleireiros/almada/telma-cabeleireiro/"
"Media","Namu'a Island Beach Fales","Alojamiento turístico","Samoa","namuaislandbeachfales@gmail.com","+685 7588209","mailto:namuaislandbeachfales@gmail.com","Isla Namu'a, Aleipata","Oceanía","Inglés","Primera web con alojamiento, traslado en barco y consultas de disponibilidad.","Sin web propia encontrada","La autoridad de turismo publica teléfono, email y redes, sin enlace a sitio propio. Las búsquedas por nombre y variante mostraron portales turísticos y reseñas. No se encontró web propia. La apertura directa tuvo timeout; se leyó el índice.","""Namu'a Island Beach Fales""; ""Namu'a Island Beach Fales"" contact email; ""Namua"" ""website"" beach fales","2026-09-24","No contactado","","","","GL-069","https://www.samoa.travel/plan-book/samoa-accommodation/namua-island-beach-fales/","https://www.samoa.travel/plan-book/activities/namua-island/"
"Media","Bellalicious Cakes","Pastelería por encargo","Sudáfrica","cakes.bellalicious@gmail.com","+27 83 709 2529","mailto:cakes.bellalicious@gmail.com","Johannesburgo, Gauteng","África","Inglés","Primera web con diseños de tortas y formulario de encargo con fecha, porciones y temática.","Sin web propia encontrada","AfricaBizInfo remite a Facebook sin web y publica email/teléfono. La segunda guía identifica la pastelería en Johannesburgo. Las búsquedas por nombre, ciudad y email no mostraron sitio propio. Confirmar zona de entrega.","""Bellalicious Cakes"" Johannesburg; ""cakes.bellalicious@gmail.com""; ""Bellalicious Cakes"" ""Kensington""","2026-09-24","No contactado","","","","NW-015","https://www.africabizinfo.com/ZA/bellalicious-cakes-083-709-2529","https://www.findglocal.com/ZA/Johannesburg/1494231-27/2"
